"MARKET","Symbol","Name","LastSale","MarketCap","IPOyear","Sector","industry","Summary Quote",
"AMEX","XXII","22nd Century Group, Inc","1.42","$116.72M","n/a","Consumer Non-Durables","Farming/Seeds/Milling","http://www.nasdaq.com/symbol/xxii",
"AMEX","FAX","Aberdeen Asia-Pacific Income Fund Inc","5.09","$1.3B","1986","n/a","n/a","http://www.nasdaq.com/symbol/fax",
"AMEX","IAF","Aberdeen Australia Equity Fund Inc","5.73","$130.47M","n/a","n/a","n/a","http://www.nasdaq.com/symbol/iaf",
"AMEX","CH","Aberdeen Chile Fund, Inc.","6.21","$58.29M","n/a","n/a","n/a","http://www.nasdaq.com/symbol/ch",
"AMEX","ABE           ","Aberdeen Emerging Markets Smaller Company Opportunities Fund I","12.68","$122.72M","n/a","n/a","n/a","http://www.nasdaq.com/symbol/abe",
"AMEX","FCO","Aberdeen Global Income Fund, Inc.","8.64","$75.72M","1992","n/a","n/a","http://www.nasdaq.com/symbol/fco",
"AMEX","IF","Aberdeen Indonesia Fund, Inc.","6.59","$61.95M","1990","n/a","n/a","http://www.nasdaq.com/symbol/if",
"AMEX","ISL","Aberdeen Israel Fund, Inc.","16.5","$65.97M","1992","n/a","n/a","http://www.nasdaq.com/symbol/isl",
"AMEX","ACU","Acme United Corporation.","20.63","$68.55M","1988","Capital Goods","Industrial Machinery/Components","http://www.nasdaq.com/symbol/acu",
"AMEX","AIII","ACRE Realty Investors, Inc.","1.15","$23.53M","n/a","Consumer Services","Real Estate Investment Trusts","http://www.nasdaq.com/symbol/aiii",
"AMEX","ATNM","Actinium Pharmaceuticals, Inc.","1.39","$66.33M","n/a","Health Care","Major Pharmaceuticals","http://www.nasdaq.com/symbol/atnm",
"AMEX","AE","Adams Resources & Energy, Inc.","36.93","$155.76M","n/a","Energy","Oil Refining/Marketing","http://www.nasdaq.com/symbol/ae",
"AMEX","ADK","Adcare Health Systems Inc","2.01","$40.1M","n/a","Health Care","Hospital/Nursing Management","http://www.nasdaq.com/symbol/adk",
"AMEX","ADK^A","Adcare Health Systems Inc","21.4","n/a","n/a","n/a","n/a","http://www.nasdaq.com/symbol/adk^a",
"AMEX","ACY","AeroCentury Corp.","9.4378","$14.79M","n/a","Technology","Diversified Commercial Services","http://www.nasdaq.com/symbol/acy",
"AMEX","WGA","AG&E Holdings, Inc.","0.2724","$3.17M","n/a","Technology","Radio And Television Broadcasting And Communications Equipment","http://www.nasdaq.com/symbol/wga",
"AMEX","AIRI","Air Industries Group","4.2825","$32.42M","n/a","Capital Goods","Military/Government/Technical","http://www.nasdaq.com/symbol/airi",
"AMEX","AA^","Alcoa Inc.","90.01","n/a","n/a","Capital Goods","Metal Fabrications","http://www.nasdaq.com/symbol/aa^",
"AMEX","AXU","Alexco Resource Corp","1.58","$144.82M","n/a","Basic Industries","Precious Metals","http://www.nasdaq.com/symbol/axu",
"AMEX","AAU","Almaden Minerals, Ltd.","1.3","$111.85M","2015","Basic Industries","Precious Metals","http://www.nasdaq.com/symbol/aau",
"AMEX","APT","Alpha Pro Tech, Ltd.","3.46","$58.68M","n/a","Health Care","Industrial Specialties","http://www.nasdaq.com/symbol/apt",
"AMEX","AAMC","Altisource Asset Management Corp","21.26","$35.81M","n/a","Finance","Real Estate","http://www.nasdaq.com/symbol/aamc",
"AMEX","DIT","AMCON Distributing Company","91.505","$53.73M","n/a","Consumer Non-Durables","Food Distributors","http://www.nasdaq.com/symbol/dit",
"AMEX","ADGE","American DG Energy Inc.","0.2398","$12.15M","n/a","Public Utilities","Power Generation","http://www.nasdaq.com/symbol/adge",
"AMEX","AFCO","American Farmland Company","7.67","$129.79M","2015","Consumer Services","Real Estate Investment Trusts","http://www.nasdaq.com/symbol/afco",
"AMEX","ALN","American Lorain Corporation","0.5879","$22.49M","n/a","Consumer Non-Durables","Packaged Foods","http://www.nasdaq.com/symbol/aln",
"AMEX","AMS","American Shared Hospital Services","3.11","$16.69M","n/a","Health Care","Medical Specialities","http://www.nasdaq.com/symbol/ams",
"AMEX","AMPE","Ampio Pharmaceuticals, Inc.","0.8185","$42.58M","n/a","Health Care","Major Pharmaceuticals","http://www.nasdaq.com/symbol/ampe",
"AMEX","APHB","AmpliPhi Biosciences Corporation","1.501","$16.69M","n/a","Health Care","Biotechnology: Biological Products (No Diagnostic Substances)","http://www.nasdaq.com/symbol/aphb",
"AMEX","AXN","Aoxing Pharmaceutical Company, Inc.","0.5641","$42.99M","n/a","Health Care","Major Pharmaceuticals","http://www.nasdaq.com/symbol/axn",
"AMEX","HRT","Arrhythmia Research Technology Inc.","4.36","$12.28M","n/a","Health Care","Biotechnology: Electromedical & Electrotherapeutic Apparatus","http://www.nasdaq.com/symbol/hrt",
"AMEX","AKG","Asanko Gold Inc.","3.59","$707.35M","n/a","Basic Industries","Mining & Quarrying of Nonmetallic Minerals (No Fuels)","http://www.nasdaq.com/symbol/akg",
"AMEX","AINC","Ashford Inc.","46.34","$93.4M","2014","Consumer Services","Professional Services","http://www.nasdaq.com/symbol/ainc",
"AMEX","ASB.WS","Associated Banc-Corp","n/a","n/a","n/a","n/a","n/a","http://www.nasdaq.com/symbol/asb.ws",
"AMEX","AST","Asterias Biotherapeutics, Inc.","4.14","$188.03M","n/a","Health Care","Biotechnology: Biological Products (No Diagnostic Substances)","http://www.nasdaq.com/symbol/ast",
"AMEX","AST.WS","Asterias Biotherapeutics, Inc.","n/a","n/a","n/a","n/a","n/a","http://www.nasdaq.com/symbol/ast.ws",
"AMEX","AWX","Avalon Holdings Corporation","2.97","$11.3M","n/a","Public Utilities","Environmental Services","http://www.nasdaq.com/symbol/awx",
"AMEX","ASM","Avino Silver","1.84","$83.24M","n/a","Basic Industries","Precious Metals","http://www.nasdaq.com/symbol/asm",
"AMEX","BTG","B2Gold Corp","2.29","$2.19B","n/a","Basic Industries","Precious Metals","http://www.nasdaq.com/symbol/btg",
"AMEX","BTN","Ballantyne Strong, Inc","6.99","$99.51M","n/a","Miscellaneous","Industrial Machinery/Components","http://www.nasdaq.com/symbol/btn",
"AMEX","BKJ","Bancorp of New Jersey, Inc","11.37","$71.63M","n/a","Finance","Major Banks","http://www.nasdaq.com/symbol/bkj",
"AMEX","BCV","Bancroft Fund Limited","20.57","$105.55M","n/a","n/a","n/a","http://www.nasdaq.com/symbol/bcv",
"AMEX","BCV^A","Bancroft Fund Limited","25.6422","n/a","n/a","n/a","n/a","http://www.nasdaq.com/symbol/bcv^a",
"AMEX","BAA","BANRO CORPORATION","0.2837","$85.81M","n/a","Basic Industries","Precious Metals","http://www.nasdaq.com/symbol/baa",
"AMEX","BHB","Bar Harbor Bankshares, Inc.","36.74","$221.65M","n/a","Finance","Major Banks","http://www.nasdaq.com/symbol/bhb",
"AMEX","BRN","Barnwell Industries, Inc.","1.615","$13.37M","n/a","Energy","Oil & Gas Production","http://www.nasdaq.com/symbol/brn",
"AMEX","BGSF","BG Staffing Inc","14.98","$129.85M","n/a","Technology","Professional Services","http://www.nasdaq.com/symbol/bgsf",
"AMEX","BPMX","BioPharmX Corporation","0.43","$13.41M","2015","Health Care","Major Pharmaceuticals","http://www.nasdaq.com/symbol/bpmx",
"AMEX","BTX","BioTime, Inc.","3.85","$398.06M","n/a","Health Care","Biotechnology: Biological Products (No Diagnostic Substances)","http://www.nasdaq.com/symbol/btx",
"AMEX","BTX.WS","BioTime, Inc.","n/a","n/a","n/a","n/a","n/a","http://www.nasdaq.com/symbol/btx.ws",
"AMEX","BGI","Birks Group Inc.","1.845","$33.14M","n/a","Consumer Services","Consumer Specialties","http://www.nasdaq.com/symbol/bgi",
"AMEX","BZM","BlackRock Maryland Municipal Bond Trust","16.3499","$33.95M","2002","n/a","n/a","http://www.nasdaq.com/symbol/bzm",
"AMEX","MHE","BlackRock Massachusetts Tax-Exempt Trust","14.76","$34.92M","1993","n/a","n/a","http://www.nasdaq.com/symbol/mhe",
"AMEX","BLE","BlackRock Municipal Income Trust II","15.96","$374.59M","2002","n/a","n/a","http://www.nasdaq.com/symbol/ble",
"AMEX","BLJ","Blackrock New Jersey Municipal Bond Trust","17.14","$39.85M","2002","n/a","n/a","http://www.nasdaq.com/symbol/blj",
"AMEX","BFY","BlackRock New York Municipal Income Trust II","16.96","$84.78M","2002","n/a","n/a","http://www.nasdaq.com/symbol/bfy",
"AMEX","BHV","BlackRock Virginia Municipal Bond Trust","18.68","$29.81M","2002","n/a","n/a","http://www.nasdaq.com/symbol/bhv",
"AMEX","BDR","Blonder Tongue Laboratories, Inc.","0.62","$4.58M","n/a","Technology","Radio And Television Broadcasting And Communications Equipment","http://www.nasdaq.com/symbol/bdr",
"AMEX","BRG","Bluerock Residential Growth REIT, Inc.","12.02","$235.18M","2014","Consumer Services","Real Estate Investment Trusts","http://www.nasdaq.com/symbol/brg",
"AMEX","BRG^A","Bluerock Residential Growth REIT, Inc.","26.6","n/a","n/a","n/a","n/a","http://www.nasdaq.com/symbol/brg^a",
"AMEX","BRG^C","Bluerock Residential Growth REIT, Inc.","26.106","n/a","n/a","n/a","n/a","http://www.nasdaq.com/symbol/brg^c",
"AMEX","BVX","Bovie Medical Corporation","5.17","$140.59M","n/a","Health Care","Medical/Dental Instruments","http://www.nasdaq.com/symbol/bvx",
"AMEX","BWL.A","Bowl America, Inc.","n/a","n/a","n/a","n/a","n/a","http://www.nasdaq.com/symbol/bwl.a",
"AMEX","BTI","British American Tobacco p.l.c.","124.73","$116.27B","n/a","Consumer Non-Durables","Farming/Seeds/Milling","http://www.nasdaq.com/symbol/bti",
"AMEX","CANF","Can-Fite Biopharma Ltd","2.68","$37.73M","n/a","Health Care","Major Pharmaceuticals","http://www.nasdaq.com/symbol/canf",
"AMEX","ROX","Castle Brands, Inc.","0.8695","$139.69M","2006","Consumer Non-Durables","Beverages (Production/Distribution)","http://www.nasdaq.com/symbol/rox",
"AMEX","CAW","CCA Industries, Inc.","3.03","$21.23M","n/a","Consumer Non-Durables","Package Goods/Cosmetics","http://www.nasdaq.com/symbol/caw",
"AMEX","CVM","Cel-Sci Corporation","0.28","$40.7M","n/a","Health Care","Biotechnology: Biological Products (No Diagnostic Substances)","http://www.nasdaq.com/symbol/cvm",
"AMEX","CVM.WS","Cel-Sci Corporation","n/a","n/a","n/a","n/a","n/a","http://www.nasdaq.com/symbol/cvm.ws",
"AMEX","CEF","Central Fund of Canada Limited","13.17","$3.35B","n/a","n/a","n/a","http://www.nasdaq.com/symbol/cef",
"AMEX","CET","Central Securities Corporation","21.0799","$516.6M","n/a","n/a","n/a","http://www.nasdaq.com/symbol/cet",
"AMEX","LEU","Centrus Energy Corp.","3.86","$34.74M","2014","Basic Industries","Mining & Quarrying of Nonmetallic Minerals (No Fuels)","http://www.nasdaq.com/symbol/leu",
"AMEX","CCF","Chase Corporation","67.5","$626.19M","n/a","Consumer Durables","Building Products","http://www.nasdaq.com/symbol/ccf",
"AMEX","CQH","Cheniere Energy Partners LP Holdings, LLC","22.08","$5.12B","2013","Public Utilities","Oil/Gas Transmission","http://www.nasdaq.com/symbol/cqh",
"AMEX","CQP","Cheniere Energy Partners, LP","28.9","$9.76B","2007","Public Utilities","Oil/Gas Transmission","http://www.nasdaq.com/symbol/cqp",
"AMEX","LNG","Cheniere Energy, Inc.","42.08","$9.92B","n/a","Public Utilities","Oil/Gas Transmission","http://www.nasdaq.com/symbol/lng",
"AMEX","CVR","Chicago Rivet & Machine Co.","28.7969","$27.82M","n/a","Technology","Industrial Machinery/Components","http://www.nasdaq.com/symbol/cvr",
"AMEX","CPHI","China Pharma Holdings, Inc.","0.2234","$9.74M","n/a","Health Care","Major Pharmaceuticals","http://www.nasdaq.com/symbol/cphi",
"AMEX","CKX","CKX Lands, Inc.","10.65","$20.69M","n/a","Energy","Oil & Gas Production","http://www.nasdaq.com/symbol/ckx",
"AMEX","GLV","Clough Global Dividend and Income Fund","11.92","$123.88M","2004","n/a","n/a","http://www.nasdaq.com/symbol/glv",
"AMEX","GLQ","Clough Global Equity Fund","11.23","$198.25M","2005","n/a","n/a","http://www.nasdaq.com/symbol/glq",
"AMEX","GLO","Clough Global Opportunities Fund","9.59","$494.6M","2006","n/a","n/a","http://www.nasdaq.com/symbol/glo",
"AMEX","MOC","Command Security Corporation","2.64","$25.85M","n/a","Consumer Services","Diversified Commercial Services","http://www.nasdaq.com/symbol/moc",
"AMEX","CIX","CompX International Inc.","11.78","$146.3M","1998","Capital Goods","Industrial Machinery/Components","http://www.nasdaq.com/symbol/cix",
"AMEX","LODE","Comstock Mining, Inc.","0.34","$62.32M","n/a","Basic Industries","Precious Metals","http://www.nasdaq.com/symbol/lode",
"AMEX","CTO","Consolidated-Tomoka Land Co.","50.07","$290.22M","n/a","Finance","Real Estate","http://www.nasdaq.com/symbol/cto",
"AMEX","MCF","Contango Oil & Gas Company","10.89","$268.28M","n/a","Energy","Oil & Gas Production","http://www.nasdaq.com/symbol/mcf",
"AMEX","CUO","Continental Materials Corporation","23.16","$38.75M","n/a","Capital Goods","Building Materials","http://www.nasdaq.com/symbol/cuo",
"AMEX","CMT","Core Molding Technologies Inc","18.17","$141.57M","n/a","Consumer Non-Durables","Plastic Products","http://www.nasdaq.com/symbol/cmt",
"AMEX","CVRS","Corindus Vascular Robotics, Inc.","1.1","$130.83M","2015","Health Care","Medical/Dental Instruments","http://www.nasdaq.com/symbol/cvrs",
"AMEX","CRMD","CorMedix Inc","3.25","$124.6M","n/a","Health Care","Major Pharmaceuticals","http://www.nasdaq.com/symbol/crmd",
"AMEX","CRF","Cornerstone Strategic Return Fund, Inc. (The)","14.57","$113.1M","n/a","n/a","n/a","http://www.nasdaq.com/symbol/crf",
"AMEX","CLM","Cornerstone Strategic Value Fund, Inc.","14.89","$322.26M","1987","n/a","n/a","http://www.nasdaq.com/symbol/clm",
"AMEX","CVU","CPI Aerostructures, Inc.","6.78","$58.47M","n/a","Capital Goods","Military/Government/Technical","http://www.nasdaq.com/symbol/cvu",
"AMEX","CIK","Credit Suisse Asset Management Income Fund, Inc.","3.12","$163.1M","n/a","n/a","n/a","http://www.nasdaq.com/symbol/cik",
"AMEX","DHY","Credit Suisse High Yield Bond Fund","2.55","$254.76M","1998","n/a","n/a","http://www.nasdaq.com/symbol/dhy",
"AMEX","CRHM","CRH Medical Corporation","4.16","$300.57M","2015","Health Care","Medical/Dental Instruments","http://www.nasdaq.com/symbol/crhm",
"AMEX","CRVP","Crystal Rock Holdings, Inc.","0.88","$18.8M","n/a","Consumer Non-Durables","Food Distributors","http://www.nasdaq.com/symbol/crvp",
"AMEX","DXR","Daxor Corporation","8.03","$30.72M","n/a","Health Care","Medical/Dental Instruments","http://www.nasdaq.com/symbol/dxr",
"AMEX","VCF","Delaware Investments Colorado Municipal Income Fund, Inc","15.1201","$73.14M","1993","n/a","n/a","http://www.nasdaq.com/symbol/vcf",
"AMEX","VFL","Delaware Investments Florida Insured Municipal Income Fund","13.87","$62.81M","1993","n/a","n/a","http://www.nasdaq.com/symbol/vfl",
"AMEX","VMM","Delaware Investments Minnesota Municipal Income Fund II, Inc.","14.4","$165.67M","1993","n/a","n/a","http://www.nasdaq.com/symbol/vmm",
"AMEX","DLA","Delta Apparel, Inc.","15.48","$119.41M","n/a","Consumer Non-Durables","Apparel","http://www.nasdaq.com/symbol/dla",
"AMEX","DNN","Denison Mine Corp","0.46","$245.37M","n/a","Basic Industries","Precious Metals","http://www.nasdaq.com/symbol/dnn",
"AMEX","DGSE","DGSE Companies, Inc.","0.78","$9.64M","n/a","Consumer Services","Consumer Specialties","http://www.nasdaq.com/symbol/dgse",
"AMEX","DPW","Digital Power Corporation","0.7501","$5.08M","n/a","Capital Goods","Industrial Machinery/Components","http://www.nasdaq.com/symbol/dpw",
"AMEX","DSS","Document Security Systems, Inc.","0.63","$8.18M","n/a","Consumer Durables","Containers/Packaging","http://www.nasdaq.com/symbol/dss",
"AMEX","DMF","Dreyfus Municipal Income, Inc.","9.45","$195.91M","1988","n/a","n/a","http://www.nasdaq.com/symbol/dmf",
"AMEX","GRF","Eagle Capital Growth Fund, Inc.","7.99","$26.07M","n/a","n/a","n/a","http://www.nasdaq.com/symbol/grf",
"AMEX","ESTE","Earthstone Energy, Inc.","8.87","$197.7M","n/a","Energy","Oil & Gas Production","http://www.nasdaq.com/symbol/este",
"AMEX","EVM","Eaton Vance California Municipal Bond Fund","13.06","$279.37M","2002","n/a","n/a","http://www.nasdaq.com/symbol/evm",
"AMEX","EIA","Eaton Vance California Municipal Bond Fund II","13.07","$50.79M","2002","n/a","n/a","http://www.nasdaq.com/symbol/eia",
"AMEX","CEV","Eaton Vance California Municipal Income Trust","13.68","$99.24M","1999","n/a","n/a","http://www.nasdaq.com/symbol/cev",
"AMEX","EVV","Eaton Vance Limited Duration Income Fund","13.61","$1.58B","2003","n/a","n/a","http://www.nasdaq.com/symbol/evv",
"AMEX","MAB","Eaton Vance Massachusetts Municipal Bond Fund","15","$26.53M","2002","n/a","n/a","http://www.nasdaq.com/symbol/mab",
"AMEX","MMV","Eaton Vance Massachusetts Municipal Income Trust","14.94","$40.89M","1999","n/a","n/a","http://www.nasdaq.com/symbol/mmv",
"AMEX","MIW","Eaton Vance Michigan Municipal Bond Fund","14.83","$22.25M","2002","n/a","n/a","http://www.nasdaq.com/symbol/miw",
"AMEX","EMI","Eaton Vance Michigan Municipal Income Trust","13.86","$27.9M","1999","n/a","n/a","http://www.nasdaq.com/symbol/emi",
"AMEX","EIM","Eaton Vance Municipal Bond Fund","13.3","$906.64M","2002","n/a","n/a","http://www.nasdaq.com/symbol/eim",
"AMEX","EIV","Eaton Vance Municipal Bond Fund II","13.37","$133.88M","2002","n/a","n/a","http://www.nasdaq.com/symbol/eiv",
"AMEX","EMJ","Eaton Vance New Jersey Municipal Bond Fund","14.33","$36.96M","2002","n/a","n/a","http://www.nasdaq.com/symbol/emj",
"AMEX","EVJ","Eaton Vance New Jersey Municipal Income Trust","13.51","$62.12M","1999","n/a","n/a","http://www.nasdaq.com/symbol/evj",
"AMEX","ENX","Eaton Vance New York Municipal Bond Fund","13.58","$212.64M","2002","n/a","n/a","http://www.nasdaq.com/symbol/enx",
"AMEX","NYH","Eaton Vance New York Municipal Bond Fund II","13.3","$34M","2002","n/a","n/a","http://www.nasdaq.com/symbol/nyh",
"AMEX","EVY","Eaton Vance New York Municipal Income Trust","14.8","$81.04M","1999","n/a","n/a","http://www.nasdaq.com/symbol/evy",
"AMEX","EIO","Eaton Vance Ohio Municipal Bond Fund","15.0401","$38.16M","2002","n/a","n/a","http://www.nasdaq.com/symbol/eio",
"AMEX","EVO","Eaton Vance Ohio Municipal Income Trust","14.9","$42.57M","1999","n/a","n/a","http://www.nasdaq.com/symbol/evo",
"AMEX","EIP","Eaton Vance Pennsylvania Municipal Bond Fund","13.92","$41.2M","2002","n/a","n/a","http://www.nasdaq.com/symbol/eip",
"AMEX","EVP","Eaton Vance Pennsylvania Municipal Income Trust","13.04","$33.92M","1999","n/a","n/a","http://www.nasdaq.com/symbol/evp",
"AMEX","ELMD","Electromed, Inc.","5","$41.09M","2011","Health Care","Biotechnology: Electromedical & Electrotherapeutic Apparatus","http://www.nasdaq.com/symbol/elmd",
"AMEX","ETAK","Elephant Talk Communications Corp.","0.17","$27.88M","n/a","Technology","EDP Services","http://www.nasdaq.com/symbol/etak",
"AMEX","ELLO","Ellomay Capital Ltd.","9.09","$97.07M","n/a","Public Utilities","Electric Utilities: Central","http://www.nasdaq.com/symbol/ello",
"AMEX","ECF","Ellsworth Growth and Income Fund Ltd.","8.21","$107.64M","1986","n/a","n/a","http://www.nasdaq.com/symbol/ecf",
"AMEX","EMAN","eMagin Corporation","2.68","$78.76M","n/a","Technology","Semiconductors","http://www.nasdaq.com/symbol/eman",
"AMEX","MSN","Emerson Radio Corporation","1.03","$27.94M","n/a","Consumer Non-Durables","Consumer Electronics/Appliances","http://www.nasdaq.com/symbol/msn",
"AMEX","UUUU","Energy Fuels Inc","1.54","$102.3M","n/a","Basic Industries","Mining & Quarrying of Nonmetallic Minerals (No Fuels)","http://www.nasdaq.com/symbol/uuuu",
"AMEX","ENRJ","EnerJex Resources, Inc.","0.39","$3.29M","n/a","Energy","Oil & Gas Production","http://www.nasdaq.com/symbol/enrj",
"AMEX","ENRJ^","EnerJex Resources, Inc.","1.01","n/a","n/a","n/a","n/a","http://www.nasdaq.com/symbol/enrj^",
"AMEX","ENSV","ENSERVCO Corporation","0.64","$24.4M","n/a","Energy","Oilfield Services/Equipment","http://www.nasdaq.com/symbol/ensv",
"AMEX","ESNC","EnSync, Inc.","0.98","$46.8M","n/a","Public Utilities","Electric Utilities: Central","http://www.nasdaq.com/symbol/esnc",
"AMEX","EGI","Entree Gold Inc","0.2802","$42.82M","n/a","Basic Industries","Precious Metals","http://www.nasdaq.com/symbol/egi",
"AMEX","EVI","EnviroStarm, Inc.","7.53","$52.96M","n/a","Consumer Services","Other Consumer Services","http://www.nasdaq.com/symbol/evi",
"AMEX","ERN","Erin Energy Corp.","2.25","$478.22M","n/a","Energy","Oil & Gas Production","http://www.nasdaq.com/symbol/ern",
"AMEX","ESP","Espey Mfg. & Electronics Corp.","25.5375","$60.39M","n/a","Capital Goods","Industrial Machinery/Components","http://www.nasdaq.com/symbol/esp",
"AMEX","EMXX","Eurasian Minerals Inc.","1.04","$77.01M","n/a","Basic Industries","Precious Metals","http://www.nasdaq.com/symbol/emxx",
"AMEX","EVBN","Evans Bancorp, Inc.","27.87","$119.48M","n/a","Finance","Major Banks","http://www.nasdaq.com/symbol/evbn",
"AMEX","EPM","Evolution Petroleum Corporation, Inc.","7.56","$248.77M","n/a","Energy","Oil & Gas Production","http://www.nasdaq.com/symbol/epm",
"AMEX","EPM^A.CL","Evolution Petroleum Corporation, Inc.","n/a","n/a","n/a","n/a","n/a","http://www.nasdaq.com/symbol/epm^a.cl",
"AMEX","XRA","Exeter Resource Corporation","1.19","$105.48M","n/a","Basic Industries","Mining & Quarrying of Nonmetallic Minerals (No Fuels)","http://www.nasdaq.com/symbol/xra",
"AMEX","FPP","FieldPoint Petroleum Corporation","0.548","$4.88M","n/a","Energy","Oil & Gas Production","http://www.nasdaq.com/symbol/fpp",
"AMEX","FPP.WS","FieldPoint Petroleum Corporation","n/a","n/a","n/a","n/a","n/a","http://www.nasdaq.com/symbol/fpp.ws",
"AMEX","FEN","First Trust Energy Income and Growth Fund","26.03","$503.82M","2004","n/a","n/a","http://www.nasdaq.com/symbol/fen",
"AMEX","BDL","Flanigan&#39;s Enterprises, Inc.","23.16","$43.05M","n/a","Consumer Services","Restaurants","http://www.nasdaq.com/symbol/bdl",
"AMEX","FSI","Flexible Solutions International Inc.","2.15","$24.59M","n/a","Basic Industries","Major Chemicals","http://www.nasdaq.com/symbol/fsi",
"AMEX","FTF","Franklin Limited Duration Income Trust","12.1","$324.71M","2003","n/a","n/a","http://www.nasdaq.com/symbol/ftf",
"AMEX","FSP","Franklin Street Properties Corp.","11.68","$1.17B","n/a","Consumer Services","Real Estate Investment Trusts","http://www.nasdaq.com/symbol/fsp",
"AMEX","FRD","Friedman Industries Inc.","5.29","$35.97M","n/a","Capital Goods","Steel/Iron Ore","http://www.nasdaq.com/symbol/frd",
"AMEX","GGN","GAMCO Global Gold, Natural Reources & Income Trust ","6.12","$731.82M","2005","n/a","n/a","http://www.nasdaq.com/symbol/ggn",
"AMEX","GGN^B","GAMCO Global Gold, Natural Reources & Income Trust ","24.59","n/a","n/a","n/a","n/a","http://www.nasdaq.com/symbol/ggn^b",
"AMEX","EGAS","Gas Natural Inc.","7.7","$80.97M","n/a","Public Utilities","Oil/Gas Transmission","http://www.nasdaq.com/symbol/egas",
"AMEX","GST","Gastar Exploration Inc.","0.8729","$114.98M","n/a","Energy","Oil & Gas Production","http://www.nasdaq.com/symbol/gst",
"AMEX","GST^A","Gastar Exploration Inc.","12.47","n/a","n/a","n/a","n/a","http://www.nasdaq.com/symbol/gst^a",
"AMEX","GST^B","Gastar Exploration Inc.","12.47","n/a","n/a","n/a","n/a","http://www.nasdaq.com/symbol/gst^b",
"AMEX","JOB","GEE Group Inc.","4.8","$45.02M","n/a","Technology","Diversified Commercial Services","http://www.nasdaq.com/symbol/job",
"AMEX","GMO","General Moly, Inc","0.28","$25.46M","n/a","Basic Industries","Precious Metals","http://www.nasdaq.com/symbol/gmo",
"AMEX","GIG","GigPeak, Inc.","2.5","$168.65M","n/a","Technology","Semiconductors","http://www.nasdaq.com/symbol/gig",
"AMEX","GSB","GlobalSCAPE, Inc.","3.47","$73.51M","n/a","Technology","Computer Software: Prepackaged Software","http://www.nasdaq.com/symbol/gsb",
"AMEX","GSAT","Globalstar, Inc.","1.25","$1.35B","2006","Consumer Services","Telecommunications Equipment","http://www.nasdaq.com/symbol/gsat",
"AMEX","GLOW","Glowpoint, Inc.","0.28","$10.04M","n/a","Public Utilities","Telecommunications Equipment","http://www.nasdaq.com/symbol/glow",
"AMEX","GORO","Gold Resource Corporation","5.8","$314.75M","n/a","Basic Industries","Precious Metals","http://www.nasdaq.com/symbol/goro",
"AMEX","GSV","Gold Standard Ventures Corporation","2.27","$473.56M","n/a","Basic Industries","Mining & Quarrying of Nonmetallic Minerals (No Fuels)","http://www.nasdaq.com/symbol/gsv",
"AMEX","AUMN","Golden Minerals Company","0.6603","$58.71M","n/a","Basic Industries","Precious Metals","http://www.nasdaq.com/symbol/aumn",
"AMEX","GSS","Golden Star Resources, Ltd","0.773","$254.12M","n/a","Basic Industries","Precious Metals","http://www.nasdaq.com/symbol/gss",
"AMEX","GV","Goldfield Corporation (The)","2.92","$74.32M","n/a","Basic Industries","Water Supply","http://www.nasdaq.com/symbol/gv",
"AMEX","GRC","Gorman-Rupp Company (The)","25.5","$665.32M","n/a","Capital Goods","Fluid Controls","http://www.nasdaq.com/symbol/grc",
"AMEX","GTE","Gran Tierra Energy Inc.","3.01","$1.05B","n/a","Energy","Oil & Gas Production","http://www.nasdaq.com/symbol/gte",
"AMEX","GPL","Great Panther Silver Limited","1.19","$194.51M","n/a","Basic Industries","Precious Metals","http://www.nasdaq.com/symbol/gpl",
"AMEX","SIM","Grupo Simec, S.A. de C.V.","9.54","$1.58B","1993","Basic Industries","Steel/Iron Ore","http://www.nasdaq.com/symbol/sim",
"AMEX","GVP","GSE Systems, Inc.","2.85","$51.68M","n/a","Technology","Computer Software: Prepackaged Software","http://www.nasdaq.com/symbol/gvp",
"AMEX","HCHC","HC2 Holdings, Inc.","5.85","$207.3M","n/a","Capital Goods","Metal Fabrications","http://www.nasdaq.com/symbol/hchc",
"AMEX","HEB","Hemispherx BioPharma, Inc.","1.19","$24.69M","n/a","n/a","n/a","http://www.nasdaq.com/symbol/heb",
"AMEX","HLM^","Hillman Group Capital Trust","33.25","n/a","n/a","n/a","n/a","http://www.nasdaq.com/symbol/hlm^",
"AMEX","HMG","HMG/Courtland Properties, Inc.","11.4999","$11.53M","n/a","Consumer Services","Real Estate Investment Trusts","http://www.nasdaq.com/symbol/hmg",
"AMEX","HH","Hooper Holmes, Inc.","1.16","$10.11M","n/a","Health Care","Hospital/Nursing Management","http://www.nasdaq.com/symbol/hh",
"AMEX","HUSA","Houston American Energy Corporation","0.1853","$9.54M","n/a","Energy","Oil & Gas Production","http://www.nasdaq.com/symbol/husa",
"AMEX","IBIO","iBio, Inc.","0.54","$48.12M","n/a","Health Care","Major Pharmaceuticals","http://www.nasdaq.com/symbol/ibio",
"AMEX","IBO","IBO (Listing Market - NYSE Amex Network B F)","153.82","n/a","n/a","n/a","n/a","http://www.nasdaq.com/symbol/ibo",
"AMEX","IEC","IEC Electronics Corp.","4.69","$48.19M","n/a","Technology","Electrical Products","http://www.nasdaq.com/symbol/iec",
"AMEX","IMUC","ImmunoCellular Therapeutics, Ltd.","0.1147","$14.68M","n/a","Health Care","Major Pharmaceuticals","http://www.nasdaq.com/symbol/imuc",
"AMEX","IMUC.WS","ImmunoCellular Therapeutics, Ltd.","n/a","n/a","n/a","n/a","n/a","http://www.nasdaq.com/symbol/imuc.ws",
"AMEX","IMH","Impac Mortgage Holdings, Inc.","14.16","$177.45M","1997","Consumer Services","Real Estate Investment Trusts","http://www.nasdaq.com/symbol/imh",
"AMEX","IMO","Imperial Oil Limited","32.15","$27.25B","n/a","Energy","Integrated oil Companies","http://www.nasdaq.com/symbol/imo",
"AMEX","IOT","Income Opportunity Realty Investors, Inc.","7.5","$31.26M","n/a","Consumer Services","Real Estate Investment Trusts","http://www.nasdaq.com/symbol/iot",
"AMEX","IRT","Independence Realty Trust, Inc.","8.54","$405.45M","2013","Consumer Services","Real Estate Investment Trusts","http://www.nasdaq.com/symbol/irt",
"AMEX","IGC","India Globalization Capital Inc.","0.4619","$10.82M","n/a","Consumer Non-Durables","Electronic Components","http://www.nasdaq.com/symbol/igc",
"AMEX","INFU","InfuSystems Holdings, Inc.","2.74","$62.02M","n/a","Health Care","Medical/Dental Instruments","http://www.nasdaq.com/symbol/infu",
"AMEX","IHT","InnSuites Hospitality Trust","2.22","$20.78M","n/a","Consumer Services","Real Estate Investment Trusts","http://www.nasdaq.com/symbol/iht",
"AMEX","NSPR","InspireMD, Inc.","0.0825","$2.46M","n/a","Health Care","Medical/Dental Instruments","http://www.nasdaq.com/symbol/nspr",
"AMEX","NSPR.WS","InspireMD, Inc.","n/a","n/a","n/a","n/a","n/a","http://www.nasdaq.com/symbol/nspr.ws",
"AMEX","IFMI","Institutional Financial Markets, Inc.","1.0501","$12.71M","n/a","Finance","Investment Bankers/Brokers/Service","http://www.nasdaq.com/symbol/ifmi",
"AMEX","IDN","Intellicheck Mobilisa, Inc.","1.67","$17.02M","1999","Technology","Computer Software: Prepackaged Software","http://www.nasdaq.com/symbol/idn",
"AMEX","INS","Intelligent Systems Corporation","3.74","$32.66M","1992","Capital Goods","Metal Fabrications","http://www.nasdaq.com/symbol/ins",
"AMEX","THM","International Tower Hill Mines Ltd","0.73","$84.94M","n/a","Basic Industries","Precious Metals","http://www.nasdaq.com/symbol/thm",
"AMEX","INTT","inTest Corporation","3.96","$41.14M","1997","Capital Goods","Electrical Products","http://www.nasdaq.com/symbol/intt",
"AMEX","INUV","Inuvo, Inc","1.33","$32.81M","n/a","Consumer Services","Advertising","http://www.nasdaq.com/symbol/inuv",
"AMEX","VKI","Invesco Advantage Municipal Income Trust II","12.18","$540.56M","n/a","n/a","n/a","http://www.nasdaq.com/symbol/vki",
"AMEX","ISR","IsoRay, Inc.","0.715","$39.33M","n/a","Health Care","Medical/Dental Instruments","http://www.nasdaq.com/symbol/isr",
"AMEX","ISDR","Issuer Direct Corporation","7.25","$20.64M","n/a","Miscellaneous","Publishing","http://www.nasdaq.com/symbol/isdr",
"AMEX","JRJR","JRjr33, Inc.","1.15","$41.5M","2014","Consumer Services","Other Consumer Services","http://www.nasdaq.com/symbol/jrjr",
"AMEX","KIQ","Kelso Technologies Inc","0.95","$44.09M","n/a","Capital Goods","Railroads","http://www.nasdaq.com/symbol/kiq",
"AMEX","KLDX","Klondex Mines Ltd.","5.04","$733.38M","n/a","Basic Industries","Precious Metals","http://www.nasdaq.com/symbol/kldx",
"AMEX","LTS","Ladenburg Thalmann Financial Services Inc","2.25","$412.58M","n/a","Finance","Investment Bankers/Brokers/Service","http://www.nasdaq.com/symbol/lts",
"AMEX","LTS^A","Ladenburg Thalmann Financial Services Inc","24.94","n/a","n/a","n/a","n/a","http://www.nasdaq.com/symbol/lts^a",
"AMEX","LAQ","Latin America Equity Fund, Inc. (The)","21.7","$161.63M","1991","n/a","n/a","http://www.nasdaq.com/symbol/laq",
"AMEX","LGL","LGL Group, Inc. (The)","4.31","$11.49M","n/a","Capital Goods","Industrial Machinery/Components","http://www.nasdaq.com/symbol/lgl",
"AMEX","LBY","Libbey, Inc.","17.47","$381.33M","1993","Capital Goods","Industrial Machinery/Components","http://www.nasdaq.com/symbol/lby",
"AMEX","LIQT","LiqTech International, Inc.","0.808","$31.94M","n/a","Technology","Industrial Machinery/Components","http://www.nasdaq.com/symbol/liqt",
"AMEX","LEI","Lucas Energy, Inc.","2.57","$39.76M","n/a","Energy","Oil & Gas Production","http://www.nasdaq.com/symbol/lei",
"AMEX","MCZ","Mad Catz Interactive Inc","0.208","$15.28M","n/a","Consumer Non-Durables","Recreational Products/Toys","http://www.nasdaq.com/symbol/mcz",
"AMEX","MAG","MAG Silver Corporation","14.05","$1.13B","n/a","Basic Industries","Precious Metals","http://www.nasdaq.com/symbol/mag",
"AMEX","MJCO","Majesco","4.99","$182.01M","2015","Technology","Computer Software: Prepackaged Software","http://www.nasdaq.com/symbol/mjco",
"AMEX","MSTX","Mast Therapeutics, Inc.","0.1","$21.18M","n/a","Health Care","Major Pharmaceuticals","http://www.nasdaq.com/symbol/mstx",
"AMEX","MHH","Mastech Digital, Inc","7.8","$34.3M","n/a","Consumer Services","Professional Services","http://www.nasdaq.com/symbol/mhh",
"AMEX","MDGN","Medgenics, Inc.","5.58","$206.9M","2011","Health Care","Biotechnology: Biological Products (No Diagnostic Substances)","http://www.nasdaq.com/symbol/mdgn",
"AMEX","IPB","Merrill Lynch & Co., Inc.","27.6556","n/a","n/a","Finance","Finance: Consumer Services","http://www.nasdaq.com/symbol/ipb",
"AMEX","MXC","Mexco Energy Corporation","3.8856","$7.92M","n/a","Energy","Oil & Gas Production","http://www.nasdaq.com/symbol/mxc",
"AMEX","CCA","MFS California Insured Municipal Trust","14.18","$39.51M","1999","n/a","n/a","http://www.nasdaq.com/symbol/cca",
"AMEX","MGT","MGT Capital Investments Inc","1.94","$50.16M","n/a","Miscellaneous","Multi-Sector Companies","http://www.nasdaq.com/symbol/mgt",
"AMEX","MLSS","Milestone Scientific, Inc.","1.98","$54.04M","2015","Health Care","Industrial Specialties","http://www.nasdaq.com/symbol/mlss",
"AMEX","MGH","Minco Gold Corporation","0.2561","$13M","n/a","Basic Industries","Precious Metals","http://www.nasdaq.com/symbol/mgh",
"AMEX","MVF","MuniVest Fund, Inc.","10.45","$670.53M","n/a","n/a","n/a","http://www.nasdaq.com/symbol/mvf",
"AMEX","MZA","MuniYield Arizona Fund, Inc.","16.6101","$76.62M","1993","n/a","n/a","http://www.nasdaq.com/symbol/mza",
"AMEX","NNVC","NanoViricides, Inc.","1.56","$90.76M","n/a","Health Care","Biotechnology: Commercial Physical & Biological Resarch","http://www.nasdaq.com/symbol/nnvc",
"AMEX","ATEST","NASDAQ TEST STOCK","25","n/a","n/a","n/a","n/a","http://www.nasdaq.com/symbol/atest",
"AMEX","ATEST.A","NASDAQ TEST STOCK","n/a","n/a","n/a","n/a","n/a","http://www.nasdaq.com/symbol/atest.a",
"AMEX","ATEST.B","NASDAQ TEST STOCK","n/a","n/a","n/a","n/a","n/a","http://www.nasdaq.com/symbol/atest.b",
"AMEX","ATEST.C","NASDAQ TEST STOCK","n/a","n/a","n/a","n/a","n/a","http://www.nasdaq.com/symbol/atest.c",
"AMEX","NHC","National HealthCare Corporation","65.87","$1.01B","n/a","Health Care","Hospital/Nursing Management","http://www.nasdaq.com/symbol/nhc",
"AMEX","NAVB","Navidea Biopharmaceuticals, Inc.","0.8823","$137.42M","n/a","Health Care","Biotechnology: In Vitro & In Vivo Diagnostic Substances","http://www.nasdaq.com/symbol/navb",
"AMEX","NTIP","Network-1 Technologies, Inc.","2.7472","$64.06M","n/a","Technology","Computer Software: Prepackaged Software","http://www.nasdaq.com/symbol/ntip",
"AMEX","NBW","Neuberger Berman California Intermediate Municipal Fund Inc.","16.29","$90.33M","2002","n/a","n/a","http://www.nasdaq.com/symbol/nbw",
"AMEX","NHS","Neuberger Berman High Yield Strategies Fund","11.82","$230.97M","n/a","n/a","n/a","http://www.nasdaq.com/symbol/nhs",
"AMEX","NBH","Neuberger Berman Intermediate Municipal Fund Inc.","16.42","$308.24M","2002","n/a","n/a","http://www.nasdaq.com/symbol/nbh",
"AMEX","NML","Neuberger Berman MLP Income Fund Inc.","9.12","$515.71M","2013","n/a","n/a","http://www.nasdaq.com/symbol/nml",
"AMEX","NBO","Neuberger Berman New York Intermediate Municipal Fund Inc.","14.39","$73.05M","2002","n/a","n/a","http://www.nasdaq.com/symbol/nbo",
"AMEX","NRO","Neuberger Berman Real Estate Securities Income Fund, Inc.","5.48","$305.72M","2003","n/a","n/a","http://www.nasdaq.com/symbol/nro",
"AMEX","UWN","Nevada Gold & Casinos, Inc.","1.78","$31.68M","n/a","Consumer Services","Services-Misc. Amusement & Recreation","http://www.nasdaq.com/symbol/uwn",
"AMEX","NSU","Nevsun Resources Ltd","2.81","$844.31M","n/a","Basic Industries","Precious Metals","http://www.nasdaq.com/symbol/nsu",
"AMEX","GBR","New Concept Energy, Inc","2.4918","$4.85M","n/a","Energy","Oil & Gas Production","http://www.nasdaq.com/symbol/gbr",
"AMEX","NEN","New England Realty Associates Limited Partnership","59.55","$223.18M","n/a","Consumer Services","Building operators","http://www.nasdaq.com/symbol/nen",
"AMEX","NGD","New Gold Inc.","4.02","$2.06B","n/a","Basic Industries","Precious Metals","http://www.nasdaq.com/symbol/ngd",
"AMEX","HLTH","Nobilis Health Corp.","3.53","$271.04M","2015","Health Care","Hospital/Nursing Management","http://www.nasdaq.com/symbol/hlth",
"AMEX","NSAT","Norsat International Inc.","8.02","$46.9M","n/a","Capital Goods","Industrial Machinery/Components","http://www.nasdaq.com/symbol/nsat",
"AMEX","NAK","Northern Dynasty Minerals, Ltd.","0.639","$169.08M","n/a","Basic Industries","Precious Metals","http://www.nasdaq.com/symbol/nak",
"AMEX","NOG","Northern Oil and Gas, Inc.","2.46","$158.9M","n/a","Energy","Oil & Gas Production","http://www.nasdaq.com/symbol/nog",
"AMEX","NBY","NovaBay Pharmaceuticals, Inc.","4.66","$52.43M","2007","Health Care","Major Pharmaceuticals","http://www.nasdaq.com/symbol/nby",
"AMEX","NG","Novagold Resources Inc.","4.6","$1.47B","n/a","Basic Industries","Precious Metals","http://www.nasdaq.com/symbol/ng",
"AMEX","NTN","NTN Buzztime, Inc.","6.74","$12.46M","n/a","Consumer Services","Broadcasting","http://www.nasdaq.com/symbol/ntn",
"AMEX","NVX","Nuveen California Dividend Advantage Municipal Fund 2","16.04","$236.75M","2001","n/a","n/a","http://www.nasdaq.com/symbol/nvx",
"AMEX","NZH","Nuveen California Dividend Advantage Municipal Fund 3","14.88","$359.49M","n/a","n/a","n/a","http://www.nasdaq.com/symbol/nzh",
"AMEX","CFD","Nuveen Diversified Commodity Fund","9.05","$81.88M","1998","n/a","n/a","http://www.nasdaq.com/symbol/cfd",
"AMEX","CTF","Nuveen Long/Short Commodity Total Return Fund","13.4","$219.03M","n/a","n/a","n/a","http://www.nasdaq.com/symbol/ctf",
"AMEX","NJV","Nuveen New Jersey Municipal Value Fund","16.37","$25.37M","n/a","n/a","n/a","http://www.nasdaq.com/symbol/njv",
"AMEX","NPN","Nuveen Pennsylvania Municipal Value Fund","16.28","$19.85M","2009","n/a","n/a","http://www.nasdaq.com/symbol/npn",
"AMEX","OCX","OncoCyte Corporation","5.72","$145.47M","2015","Health Care","Biotechnology: In Vitro & In Vivo Diagnostic Substances","http://www.nasdaq.com/symbol/ocx",
"AMEX","OGEN","Oragenics, Inc.","0.42","$20.63M","n/a","Health Care","Major Pharmaceuticals","http://www.nasdaq.com/symbol/ogen",
"AMEX","TIS","Orchids Paper Products Company","27.2","$280.08M","2005","Basic Industries","Paper","http://www.nasdaq.com/symbol/tis",
"AMEX","ONP","Orient Paper, Inc.","1.05","$22.52M","n/a","Consumer Durables","Containers/Packaging","http://www.nasdaq.com/symbol/onp",
"AMEX","ORM","Owens Realty Mortgage, Inc.","16.86","$172.77M","2013","Consumer Services","Real Estate Investment Trusts","http://www.nasdaq.com/symbol/orm",
"AMEX","PHF","Pacholder High Yield Fund, Inc.","7.07","$91.89M","n/a","n/a","n/a","http://www.nasdaq.com/symbol/phf",
"AMEX","PCG^A","Pacific Gas & Electric Co.","32.26","n/a","n/a","n/a","n/a","http://www.nasdaq.com/symbol/pcg^a",
"AMEX","PCG^B","Pacific Gas & Electric Co.","29.3","n/a","n/a","n/a","n/a","http://www.nasdaq.com/symbol/pcg^b",
"AMEX","PCG^C","Pacific Gas & Electric Co.","28.855","n/a","n/a","n/a","n/a","http://www.nasdaq.com/symbol/pcg^c",
"AMEX","PCG^D","Pacific Gas & Electric Co.","26.302","n/a","n/a","n/a","n/a","http://www.nasdaq.com/symbol/pcg^d",
"AMEX","PCG^E","Pacific Gas & Electric Co.","26.023","n/a","n/a","n/a","n/a","http://www.nasdaq.com/symbol/pcg^e",
"AMEX","PCG^G","Pacific Gas & Electric Co.","26","n/a","n/a","n/a","n/a","http://www.nasdaq.com/symbol/pcg^g",
"AMEX","PCG^H","Pacific Gas & Electric Co.","25.8202","n/a","n/a","n/a","n/a","http://www.nasdaq.com/symbol/pcg^h",
"AMEX","PCG^I","Pacific Gas & Electric Co.","25.65","n/a","n/a","n/a","n/a","http://www.nasdaq.com/symbol/pcg^i",
"AMEX","PTN","Palatin Technologies, Inc.","0.575","$49.41M","n/a","Health Care","Major Pharmaceuticals","http://www.nasdaq.com/symbol/ptn",
"AMEX","PARR","Par Pacific Holdings, Inc.","14.27","$592.92M","n/a","Energy","Oil & Gas Production","http://www.nasdaq.com/symbol/parr",
"AMEX","PZG","Paramount Gold Nevada Corp.","1.77","$27.77M","2015","Basic Industries","Precious Metals","http://www.nasdaq.com/symbol/pzg",
"AMEX","PRK","Park National Corporation","95.4","$1.46B","n/a","Finance","Major Banks","http://www.nasdaq.com/symbol/prk",
"AMEX","PED","Pedevco Corp.","0.189","$9.42M","n/a","Energy","Oil & Gas Production","http://www.nasdaq.com/symbol/ped",
"AMEX","PFNX","Pfenex Inc.","9.23","$215.86M","2014","Health Care","Major Pharmaceuticals","http://www.nasdaq.com/symbol/pfnx",
"AMEX","PIP","PharmAthene, Inc","2.84","$186.28M","n/a","Health Care","Major Pharmaceuticals","http://www.nasdaq.com/symbol/pip",
"AMEX","HNW","Pioneer Diversified High Income Trust","16.17","$134.74M","2007","n/a","n/a","http://www.nasdaq.com/symbol/hnw",
"AMEX","PLG","Platinum Group Metals Ltd.","2.46","$218.59M","n/a","Basic Industries","Precious Metals","http://www.nasdaq.com/symbol/plg",
"AMEX","PLM","Polymet Mining Corp.","0.8","$222.23M","n/a","Basic Industries","Precious Metals","http://www.nasdaq.com/symbol/plm",
"AMEX","PW","Power REIT","8.68","$15.49M","n/a","Consumer Services","Real Estate Investment Trusts","http://www.nasdaq.com/symbol/pw",
"AMEX","PW^A","Power REIT","26.16","n/a","n/a","n/a","n/a","http://www.nasdaq.com/symbol/pw^a",
"AMEX","PLX","Protalix BioTherapeutics, Inc.","0.5699","$56.88M","n/a","Health Care","Biotechnology: Biological Products (No Diagnostic Substances)","http://www.nasdaq.com/symbol/plx",
"AMEX","PVCT","Provectus Biopharmaceuticals, Inc.","0.09","$19.15M","n/a","Health Care","Major Pharmaceuticals","http://www.nasdaq.com/symbol/pvct",
"AMEX","PVCT.WS","Provectus Biopharmaceuticals, Inc.","n/a","n/a","n/a","n/a","n/a","http://www.nasdaq.com/symbol/pvct.ws",
"AMEX","RLGT","Radiant Logistics, Inc.","2.68","$130.98M","n/a","Transportation","Oil Refining/Marketing","http://www.nasdaq.com/symbol/rlgt",
"AMEX","RLGT^A","Radiant Logistics, Inc.","25.6694","n/a","n/a","n/a","n/a","http://www.nasdaq.com/symbol/rlgt^a",
"AMEX","UTG","Reaves Utility Income Fund","29.36","$1.01B","2004","n/a","n/a","http://www.nasdaq.com/symbol/utg",
"AMEX","REED","Reeds, Inc.","4.14","$57.58M","n/a","Consumer Non-Durables","Beverages (Production/Distribution)","http://www.nasdaq.com/symbol/reed",
"AMEX","RWC","RELM Wireless Corporation","5.35","$73.52M","n/a","Technology","Radio And Television Broadcasting And Communications Equipment","http://www.nasdaq.com/symbol/rwc",
"AMEX","RCG","RENN Fund, Inc.","1.33","$5.94M","n/a","n/a","n/a","http://www.nasdaq.com/symbol/rcg",
"AMEX","RVP","Retractable Technologies, Inc.","2.6","$77.09M","n/a","Health Care","Medical/Dental Instruments","http://www.nasdaq.com/symbol/rvp",
"AMEX","RNN","Rexahn Pharmaceuticals, Inc.","0.213","$45.43M","n/a","Health Care","Major Pharmaceuticals","http://www.nasdaq.com/symbol/rnn",
"AMEX","RIC","Richmont Mines, Inc.","8.81","$553.56M","n/a","Basic Industries","Precious Metals","http://www.nasdaq.com/symbol/ric",
"AMEX","REI","Ring Energy, Inc.","11.27","$472.41M","n/a","Energy","Oil & Gas Production","http://www.nasdaq.com/symbol/rei",
"AMEX","RIF","RMR Real Estate Income Fund","20.97","$160.45M","n/a","n/a","n/a","http://www.nasdaq.com/symbol/rif",
"AMEX","SGA","Saga Communications, Inc.","46.1","$270.16M","n/a","Consumer Services","Broadcasting","http://www.nasdaq.com/symbol/sga",
"AMEX","SSN","Samson Oil & Gas Limited","0.677","$10.89M","n/a","Energy","Oil & Gas Production","http://www.nasdaq.com/symbol/ssn",
"AMEX","SPP","Sanchez Production Partners LP","10.76","$46.05M","n/a","Energy","Oil & Gas Production","http://www.nasdaq.com/symbol/spp",
"AMEX","SAND          ","Sandstorm Gold Ltd","4.55","$690.04M","n/a","Basic Industries","Precious Metals","http://www.nasdaq.com/symbol/sand",
"AMEX","SEB","Seaboard Corporation","3544","$4.15B","1996","Finance","Investment Bankers/Brokers/Service","http://www.nasdaq.com/symbol/seb",
"AMEX","SENS","Senseonics Holdings, Inc.","3.76","$351.14M","n/a","Capital Goods","Industrial Machinery/Components","http://www.nasdaq.com/symbol/sens",
"AMEX","SVT","Servotronics, Inc.","11.3305","$27.99M","n/a","Capital Goods","Industrial Machinery/Components","http://www.nasdaq.com/symbol/svt",
"AMEX","SIF","SIFCO Industries, Inc.","9.6405","$52.7M","n/a","Capital Goods","Aerospace","http://www.nasdaq.com/symbol/sif",
"AMEX","SKY","Skyline Corporation","13.41","$112.53M","n/a","Basic Industries","Homebuilding","http://www.nasdaq.com/symbol/sky",
"AMEX","XPL","Solitario Exploration & Royalty Corp","0.6646","$25.78M","n/a","Basic Industries","Precious Metals","http://www.nasdaq.com/symbol/xpl",
"AMEX","SCE^B","Southern California Edison Company","24.81","n/a","n/a","n/a","n/a","http://www.nasdaq.com/symbol/sce^b",
"AMEX","SCE^C","Southern California Edison Company","24.9","n/a","n/a","n/a","n/a","http://www.nasdaq.com/symbol/sce^c",
"AMEX","SCE^D","Southern California Edison Company","26.2","n/a","n/a","n/a","n/a","http://www.nasdaq.com/symbol/sce^d",
"AMEX","SCE^E","Southern California Edison Company","25.25","n/a","n/a","n/a","n/a","http://www.nasdaq.com/symbol/sce^e",
"AMEX","SGB","Southwest Georgia Financial Corporation","16.4","$41.78M","n/a","Finance","Major Banks","http://www.nasdaq.com/symbol/sgb",
"AMEX","LOV","Spark Networks, Inc.","1.58","$40.99M","n/a","Miscellaneous","Business Services","http://www.nasdaq.com/symbol/lov",
"AMEX","STRP","Straight Path Communications Inc.","26.58","$323.67M","2013","Public Utilities","Telecommunications Equipment","http://www.nasdaq.com/symbol/strp",
"AMEX","SSY","SunLink Health Systems, Inc.","1.12","$10.58M","n/a","Health Care","Hospital/Nursing Management","http://www.nasdaq.com/symbol/ssy",
"AMEX","SDPI","Superior Drilling Products, Inc.","0.93","$16.29M","2014","Energy","Metal Fabrications","http://www.nasdaq.com/symbol/sdpi",
"AMEX","STS","Supreme Industries, Inc.","18.39","$313.03M","n/a","Capital Goods","Construction/Ag Equipment/Trucks","http://www.nasdaq.com/symbol/sts",
"AMEX","SYRG","Synergy Resources Corporation","6.55","$1.31B","n/a","Energy","Oil & Gas Production","http://www.nasdaq.com/symbol/syrg",
"AMEX","SYN","Synthetic Biologics, Inc","1.77","$161.55M","n/a","Health Care","Major Pharmaceuticals","http://www.nasdaq.com/symbol/syn",
"AMEX","TRX","Tanzanian Royalty Exploration Corporation","0.73","$79.62M","n/a","Basic Industries","Precious Metals","http://www.nasdaq.com/symbol/trx",
"AMEX","TGB","Taseko Mines Limited","0.46","$102.04M","n/a","Basic Industries","Precious Metals","http://www.nasdaq.com/symbol/tgb",
"AMEX","TIK","Tel-Instrument Electronics Corp.","3.94","$12.83M","n/a","Capital Goods","Electrical Products","http://www.nasdaq.com/symbol/tik",
"AMEX","TGC","Tengasco, Inc.","1.15","$7.01M","n/a","Energy","Oil & Gas Production","http://www.nasdaq.com/symbol/tgc",
"AMEX","GLU","The Gabelli Global Utility and Income Trust","17.8101","$73.22M","2004","n/a","n/a","http://www.nasdaq.com/symbol/glu",
"AMEX","GLU^A","The Gabelli Global Utility and Income Trust","51.16","n/a","n/a","n/a","n/a","http://www.nasdaq.com/symbol/glu^a",
"AMEX","GGO.C","The Gabelli Go Anywhere Trust","n/a","n/a","2016","n/a","n/a","http://www.nasdaq.com/symbol/ggo.c",
"AMEX","TXMD","TherapeuticsMD, Inc.","6.7","$1.32B","n/a","Health Care","Major Pharmaceuticals","http://www.nasdaq.com/symbol/txmd",
"AMEX","TGD","Timmons Gold Corp","0.421","$134.4M","2011","Basic Industries","Precious Metals","http://www.nasdaq.com/symbol/tgd",
"AMEX","TOF","Tofutti Brands Inc.","2.53","$13.04M","n/a","Consumer Non-Durables","Specialty Foods","http://www.nasdaq.com/symbol/tof",
"AMEX","TMP","Tompkins Financial Corporation","77.47","$1.17B","n/a","Finance","Major Banks","http://www.nasdaq.com/symbol/tmp",
"AMEX","TAT","Transatlantic Petroleum Ltd","1.27","$59.91M","n/a","Energy","Oil & Gas Production","http://www.nasdaq.com/symbol/tat",
"AMEX","TRXC","TransEnterix, Inc.","1.72","$197.8M","n/a","Health Care","Medical/Dental Instruments","http://www.nasdaq.com/symbol/trxc",
"AMEX","TPLM","Triangle Petroleum Corporation","0.2736","$20.92M","n/a","Energy","Oil & Gas Production","http://www.nasdaq.com/symbol/tplm",
"AMEX","TMQ","Trilogy Metals Inc.","0.5138","$54.09M","n/a","Basic Industries","Precious Metals","http://www.nasdaq.com/symbol/tmq",
"AMEX","TPHS","Trinity Place Holdings Inc.","9.55","$243.31M","n/a","Consumer Services","Building operators","http://www.nasdaq.com/symbol/tphs",
"AMEX","TRT","Trio-Tech International","3.5299","$12.4M","n/a","Technology","Industrial Machinery/Components","http://www.nasdaq.com/symbol/trt",
"AMEX","HTM","U.S. Geothermal Inc.","0.724","$82.05M","n/a","Public Utilities","Electric Utilities: Central","http://www.nasdaq.com/symbol/htm",
"AMEX","UFAB","Unique Fabricating, Inc.","12.04","$116.8M","2015","Capital Goods","Auto Parts:O.E.M.","http://www.nasdaq.com/symbol/ufab",
"AMEX","UAMY","United States Antimony Corporation","0.4399","$29.41M","n/a","Capital Goods","Metal Fabrications","http://www.nasdaq.com/symbol/uamy",
"AMEX","UUU","Universal Security Instruments, Inc.","3.979","$9.2M","n/a","Consumer Non-Durables","Electronic Components","http://www.nasdaq.com/symbol/uuu",
"AMEX","UQM","UQM TECHNOLOGIES INC","0.5902","$28.6M","n/a","Capital Goods","Industrial Machinery/Components","http://www.nasdaq.com/symbol/uqm",
"AMEX","URG","Ur Energy Inc","0.4699","$67.48M","n/a","Basic Industries","Precious Metals","http://www.nasdaq.com/symbol/urg",
"AMEX","UEC","Uranium Energy Corp.","0.9369","$109.07M","n/a","Basic Industries","Precious Metals","http://www.nasdaq.com/symbol/uec",
"AMEX","VSR","Versar, Inc.","1.44","$14.25M","1986","Consumer Services","Military/Government/Technical","http://www.nasdaq.com/symbol/vsr",
"AMEX","VII","Vicon Industries, Inc.","0.6999","$6.54M","n/a","Consumer Durables","Telecommunications Equipment","http://www.nasdaq.com/symbol/vii",
"AMEX","VHC","VirnetX Holding Corp","3.72","$210.78M","n/a","Miscellaneous","Multi-Sector Companies","http://www.nasdaq.com/symbol/vhc",
"AMEX","VGZ","Vista Gold Corporation","0.9201","$89.94M","n/a","Basic Industries","Precious Metals","http://www.nasdaq.com/symbol/vgz",
"AMEX","VNRX","VolitionRX Limited","4.87","$114.55M","2015","Health Care","Biotechnology: In Vitro & In Vivo Diagnostic Substances","http://www.nasdaq.com/symbol/vnrx",
"AMEX","VISI","Volt Information Sciences, Inc.","6.57","$137.28M","n/a","Technology","Professional Services","http://www.nasdaq.com/symbol/visi",
"AMEX","EAD","Wells Fargo Income Opportunities Fund","8.36","$593.42M","2003","n/a","n/a","http://www.nasdaq.com/symbol/ead",
"AMEX","ERC","Wells Fargo Multi-Sector Income Fund","12.97","$544.98M","2003","n/a","n/a","http://www.nasdaq.com/symbol/erc",
"AMEX","ERH","Wells Fargo Utilities and High Income Fund","11.94","$110.24M","2004","n/a","n/a","http://www.nasdaq.com/symbol/erh",
"AMEX","SBI","Western Asset Intermediate Muni Fund Inc","10.48","$147.53M","1992","n/a","n/a","http://www.nasdaq.com/symbol/sbi",
"AMEX","WRN","Western Copper and Gold Corporation","0.8","$75.56M","2011","Basic Industries","Precious Metals","http://www.nasdaq.com/symbol/wrn",
"AMEX","WYY","WidePoint Corporation","0.4389","$36.31M","n/a","Technology","EDP Services","http://www.nasdaq.com/symbol/wyy",
"AMEX","WTT","Wireless Telecom Group,  Inc.","1.61","$30.14M","n/a","Capital Goods","Electrical Products","http://www.nasdaq.com/symbol/wtt",
"AMEX","XTNT","Xtant Medical Holdings, Inc.","1.17","$14.27M","n/a","Health Care","Biotechnology: Biological Products (No Diagnostic Substances)","http://www.nasdaq.com/symbol/xtnt",
"AMEX","YUMA","Yuma Energy, Inc.","0.2697","$19.57M","n/a","Energy","Oil & Gas Production","http://www.nasdaq.com/symbol/yuma",
"AMEX","YUMA^A","Yuma Energy, Inc.","3.62","n/a","n/a","n/a","n/a","http://www.nasdaq.com/symbol/yuma^a",
"AMEX","ZDGE","Zedge, Inc.","3.27","$30.45M","2016","Technology","Computer Software: Prepackaged Software","http://www.nasdaq.com/symbol/zdge",
